wavelength;lens;cameraSensor
270;0;0.4197639491079975
271;0;0.4161022381301356
272;0;0.41327652312256236
273;0;0.41105930836649685
274;0;0.40942516931238904
275;0.007333827082835365;0.4077748898842716
276;0.00744618317568424;0.40720023913195214
277;0.00870032612757754;0.407133606064911
278;0.011070392986097133;0.4079488133970458
279;0.012853338559970506;0.4093355932183451
280;0.015888537199086228;0.4109416473707709
281;0.019519882219918294;0.41271716906020495
282;0.023862973534060083;0.4155293281434992
283;0.03020337877446777;0.4187774778844825
284;0.03876951911166493;0.42193416702114916
285;0.04834312448645417;0.4254074958245989
286;0.05769452226704652;0.42898331401912015
287;0.06896517460297558;0.43284310144313143
288;0.08232118773018293;0.4366695687271894
289;0.09741192826544398;0.4408446338902242
290;0.11320826354982771;0.4451125808890055
291;0.13237237580178773;0.4493148817975188
292;0.1500543449947188;0.4533865147010002
293;0.16805502497083313;0.4573858159990528
294;0.18821151245615153;0.4614296822386299
295;0.2081966531148186;0.4650486568998211
296;0.2279933902479533;0.46868342961354525
297;0.24701765981662815;0.4721202323635654
298;0.2644087048790791;0.475717789544971
299;0.2820389777583904;0.4789699973392062
300;0.29753036315027437;0.4820260158735271
301;0.3126919108948135;0.48479597951315523
302;0.3270014208617057;0.4874203829025122
303;0.34017473155434075;0.48985844394514166
304;0.351644196594572;0.49228542248919294
305;0.3612412678018596;0.49408205308226283
306;0.370649520557062;0.4959351257818504
307;0.3794662626425447;0.49733881894873666
308;0.38824546160367934;0.4989711021161245
309;0.39802635826336696;0.5000436647950158
310;0.4063587548686699;0.5008146123761988
311;0.4141477922201845;0.5018320610787035
312;0.4217195248990897;0.5024020989369653
313;0.42901799663539364;0.5028615160216374
314;0.4354914126464928;0.5030613772559691
315;0.44212026955834083;0.5030607033657986
316;0.44805750468309147;0.5030607043055221
317;0.4537893803675157;0.5030607043042117
318;0.45909683993200423;0.5030607043042137
319;0.4635672373484502;0.5030607043042137
320;0.46736574364700034;0.5030607043042137
321;0.47132792669198265;0.5030607043042137
322;0.47525275810067247;0.5030607043042137
323;0.47868193436777073;0.5030607043042137
324;0.4835361199482704;0.5030607043042137
325;0.487018026594185;0.5030607043042137
326;0.4918584969098154;0.5030607043042273
327;0.4957658688403441;0.5030607042942993
328;0.5004525748150677;0.5030607115080634
329;0.5046818112127935;0.5030554702684469
330;0.5094887779770177;0.5028727427091063
331;0.513737217063548;0.5024696491765629
332;0.5187140273595003;0.5018807040496763
333;0.5236652799371412;0.5010789840788429
334;0.527829420254609;0.5000915088138951
335;0.5328558977018168;0.49905686722438825
336;0.5372540382322777;0.4982739259140795
337;0.542006211291945;0.49727629324286915
338;0.5454532551840472;0.49662034818316114
339;0.549625192993524;0.49605174014205267
340;0.5533791670398549;0.495610129488009
341;0.5565026553819377;0.49540822821305597
342;0.5605184185370822;0.49525748809138626
343;0.5629411209983943;0.49559777048992015
344;0.565437931864677;0.4962232987809181
345;0.5678638025296099;0.496743523228773
346;0.5703501148608581;0.4972151230465932
347;0.571995109405381;0.4977529394495973
348;0.5736376899672562;0.4982171261600543
349;0.5753129214334396;0.49842128495985205
350;0.5763753748098703;0.4980963153581598
351;0.5764527849287582;0.49742190082861415
352;0.5771504899661526;0.4963317243866663
353;0.5769531874273615;0.49523867928177545
354;0.577685097964885;0.49421320374645794
355;0.5770229443459154;0.49304686503378836
356;0.5771329448082156;0.4918917551512443
357;0.5766489846498466;0.4903822968690834
358;0.576495192467495;0.48959615470562434
359;0.5750634278358218;0.48913953144083544
360;0.5748611048088004;0.48910297611642883
361;0.5732570933076532;0.48914446811341683
362;0.5731734726030049;0.4899291202456887
363;0.5718287104851429;0.490516942718638
364;0.570268833746953;0.4919086575625955
365;0.5695444775979599;0.4934704560381332
366;0.5683067683139432;0.49506786835906436
367;0.5665253284695744;0.4976530394963822
368;0.5663611808763316;0.5006469806814938
369;0.5647891734145705;0.504013245740458
370;0.564169892461365;0.5078387410060214
371;0.5626773034674364;0.5119943668263592
372;0.5617936646652939;0.5170012621049718
373;0.5608978350419687;0.5228893610645333
374;0.5606078471393005;0.5283448417617078
375;0.5594225140188034;0.5340845496261422
376;0.5591967707059013;0.5401187229909981
377;0.5592191244886502;0.5461612708269671
378;0.5588626675353816;0.5522467243032967
379;0.5584867995415057;0.558368125561183
380;0.5585331314336177;0.5643725081866973
381;0.5586521570641663;0.5701542798802335
382;0.5592163858691228;0.5754524996701753
383;0.559576297419183;0.580783296002114
384;0.5604932999958596;0.5858015371990914
385;0.5605693866011185;0.5905233001036974
386;0.5614554239713513;0.5952422888032523
387;0.5622426879857212;0.5999009865450742
388;0.5630877117187889;0.604086930762509
389;0.5639542791985923;0.6082527404094
390;0.5651846047054683;0.6120174378463652
391;0.5658513446977103;0.6162485854924975
392;0.5669970018538011;0.6197947818462706
393;0.5685197349572307;0.623534838434149
394;0.5701339516636719;0.6267380691910189
395;0.5718549720677543;0.630175467023691
396;0.5729026273393816;0.6331347741587341
397;0.5743949012337712;0.6362878509175514
398;0.5759963153684104;0.6392170646152759
399;0.5779726053195492;0.641843086578515
400;0.5799998381962076;0.6442641640504332
401;0.5816135942351595;0.6465873527109052
402;0.5834152643503415;0.6483498391092952
403;0.5863516725234985;0.6503883614291746
404;0.5877560847715018;0.6523697732372453
405;0.5900288377214828;0.654075654384149
406;0.5924429422290816;0.6559218857464426
407;0.5942775064280712;0.6585752307139523
408;0.5963680228377453;0.6613771121627179
409;0.5985204665385926;0.6653228993727238
410;0.6010014581813901;0.669411220540806
411;0.6033209073913672;0.6745017722291622
412;0.6048284855455737;0.6808515676431348
413;0.6070017965015616;0.6865223995057588
414;0.6094898972028295;0.6925906559928201
415;0.6110448126950998;0.6999266859407387
416;0.613388457207036;0.706859977165371
417;0.6157977658992375;0.7142069536269197
418;0.6173586228899629;0.7205462918463679
419;0.6190889885072304;0.7267004613399648
420;0.6213621169089414;0.7328195388917267
421;0.6229128570742098;0.7386523632131259
422;0.6245643894648045;0.7436999124444004
423;0.6262036066184309;0.7485185578941256
424;0.6277807479219727;0.7522084413390551
425;0.6298897392458764;0.7559789719685643
426;0.6317640441914828;0.7592160874969032
427;0.6333392055722551;0.7623190307236681
428;0.6335656102476968;0.7655331092846285
429;0.6354554061959635;0.7686717990421443
430;0.6364482547941632;0.7717515795188771
431;0.637966902884088;0.7747203728838225
432;0.6394788530104449;0.7779668976436174
433;0.6402359866484975;0.7811940366823042
434;0.6410749499531421;0.7846059303798734
435;0.6418822241769376;0.7882751346977831
436;0.6425987821676549;0.7912896474336296
437;0.6427731571792926;0.794647432260598
438;0.6437655806225976;0.7977050942033206
439;0.6438724082644722;0.8009545504809994
440;0.6446070079721118;0.8042074101297774
441;0.6445387173406857;0.8074882748338608
442;0.6445629779077382;0.8106089962601233
443;0.6445583532528824;0.8142198905323323
444;0.6445585751558078;0.8169306548947239
445;0.6445620392439576;0.8199098290228867
446;0.6445407949984433;0.8230277189882234
447;0.6446146367020673;0.825953282690016
448;0.6438826606882178;0.8285468891593822
449;0.6439931191690018;0.830968518934894
450;0.6432110139856919;0.8333983901462726
451;0.642552038152579;0.8351501355277263
452;0.6419314379638713;0.8366888829934224
453;0.6411074581235927;0.838105736559165
454;0.6403522837464082;0.8395435235532913
455;0.6390003834220499;0.84033476036176
456;0.6379866602170368;0.8412581172972553
457;0.6372002552380112;0.8420619952344237
458;0.6360468551638035;0.8430376682779388
459;0.6353017062546453;0.8440477800897204
460;0.634209982645235;0.845110881189362
461;0.6326153683238869;0.846882811647759
462;0.6323648709904969;0.8484003053279949
463;0.630395260388112;0.8498911813628647
464;0.6300421183652588;0.8515996977843125
465;0.6285964793793589;0.8533867131699069
466;0.6273139504627806;0.8554425427442592
467;0.6268311317784985;0.8570326467578956
468;0.6248883101782818;0.8587449751904394
469;0.6247101891635823;0.8604293503736172
470;0.6229857774959561;0.8622890743955173
471;0.6220716005976296;0.8636337174929455
472;0.6211699454537724;0.8646956921216766
473;0.6200998727682394;0.865917383312243
474;0.6192059894287966;0.8669108132006035
475;0.6177292963984475;0.8679018196356886
476;0.6171096361118862;0.8688245707704658
477;0.615529400566554;0.8700443431234117
478;0.6153583604693618;0.8713211957842061
479;0.6137770142913539;0.8726426115969361
480;0.6131576162655714;0.8744308591116858
481;0.6116829880654506;0.8765614947064707
482;0.6107826002223026;0.8787978546006608
483;0.60977144681017;0.8809966412548011
484;0.608409473063023;0.8833893086841975
485;0.6076605457951971;0.886214915860552
486;0.6068353981175265;0.8890989480978839
487;0.6060633516313718;0.891040446770356
488;0.6048008658658726;0.8931433766354453
489;0.6042566971722616;0.8956382435100567
490;0.6029138255618529;0.8976472150855204
491;0.6028287897082832;0.8988350837841707
492;0.6018227749452998;0.8998448183965634
493;0.6016554382445194;0.9005761313864116
494;0.6003211998130523;0.9007574638320927
495;0.6001970711552105;0.9010228563693988
496;0.5992367123514926;0.901666770505067
497;0.5989279335950854;0.9020684364424031
498;0.5983281988539497;0.902581060870876
499;0.5982521548517381;0.9029410303711956
500;0.5980446177001908;0.9032419230482409
501;0.5975127212936754;0.9040869467303978
502;0.597580394928936;0.904647654191948
503;0.5975731015808421;0.9054787719616179
504;0.5976093493036378;0.9064799142031147
505;0.5972501326634274;0.9074803514433364
506;0.5968727571121397;0.9083709362181274
507;0.5969129479276496;0.909704155860511
508;0.5969127242408794;0.9107834845846907
509;0.5969125431776499;0.9118967033450615
510;0.5969068799007018;0.913244122322412
511;0.5969204006946417;0.9145065809634737
512;0.5969840889586663;0.9159645865410784
513;0.5976594080423216;0.9173826334095031
514;0.5974871815247895;0.9188949745791368
515;0.5981611748930216;0.9202360346679148
516;0.5982302455374322;0.9217202245017341
517;0.5981902281007617;0.9231252985417381
518;0.5986321913159909;0.924256350047657
519;0.5988635831451208;0.9257339188876623
520;0.5995688372887449;0.9266432323839383
521;0.5996935271823376;0.9274292450999627
522;0.6003049813533715;0.928157421736493
523;0.6001619344029545;0.9286131681376765
524;0.600863409982632;0.9291552534233526
525;0.6015936655232602;0.9291613893584447
526;0.6014858214946103;0.9291614258676265
527;0.6019463527494955;0.9291290079501582
528;0.602845541196799;0.9295517216550722
529;0.6029158793716537;0.9299366249701233
530;0.6038820211434547;0.9305811437075153
531;0.6040893331013147;0.9311878448063415
532;0.6053684042478555;0.9320150648171045
533;0.6054668864998152;0.932660733368122
534;0.6059632407191153;0.9334789536874059
535;0.6068164472458502;0.9341979496208977
536;0.6079349545642682;0.9348744190747571
537;0.6081392946618005;0.9357324430919018
538;0.6085260074539964;0.9364641719955868
539;0.6094734366326209;0.9374933070078411
540;0.6105239720267703;0.938303556042133
541;0.6108084630802666;0.9392192608622209
542;0.6116872011688967;0.9400751592425363
543;0.6120435008232408;0.9409656085172255
544;0.6131305871844462;0.9419226879829405
545;0.6134205435047564;0.9427843257889931
546;0.6148431380553436;0.9437303066563075
547;0.6152691472491063;0.9444295555396948
548;0.6161563298255732;0.9453114335952931
549;0.6166639979673789;0.9461187867691886
550;0.6174996302046896;0.9469694498940385
551;0.6183233973167895;0.9475396069847252
552;0.6191391393715739;0.9483411667151637
553;0.6199576545205113;0.9491841720543204
554;0.6207756650857804;0.9497546571378165
555;0.6215925404928122;0.9505562881665606
556;0.6224182678986716;0.9513954330608483
557;0.6232075081562827;0.9520010970247128
558;0.6240446357987819;0.9525732013402464
559;0.624310927376781;0.9529500713087773
560;0.62546298476692;0.9531569507698407
561;0.6257604551866944;0.9531358107208306
562;0.6266864497061593;0.9531358398732974
563;0.6268953430217434;0.9531358398330977
564;0.6280384857625854;0.953135839833153
565;0.6289073328120984;0.953135839833153
566;0.6293413414047904;0.953135839833153
567;0.6301191769658738;0.953135839833153
568;0.6306734343874235;0.953135839833153
569;0.6309874763956467;0.953135839833153
570;0.631933177431114;0.9531358398331441
571;0.6320046484340959;0.9531358398396027
572;0.6329302030247368;0.953135835195489
573;0.6332155152335049;0.9531391743199197
574;0.6343835062239853;0.9533378958483409
575;0.6346263355190703;0.9535332079209267
576;0.6347503699222687;0.9535886759992387
577;0.63569621476343;0.9537282518851917
578;0.6359353173894445;0.9539404476228407
579;0.6365872765754053;0.9541394349643202
580;0.6373352069549048;0.9537528080973493
581;0.6371470928422187;0.953345882805576
582;0.6381983277828178;0.9528886891766315
583;0.6386441689109668;0.9522845972203716
584;0.638764231155893;0.9516921104399
585;0.6400081536077077;0.9508755659745267
586;0.6403402543798796;0.9502711436893375
587;0.6405602310295113;0.9497086844818274
588;0.6412723148083147;0.949313285784588
589;0.6414390423560581;0.9489010464089184
590;0.6419068122779986;0.9487131295438633
591;0.6424559246543616;0.9484995909341855
592;0.6425707404634274;0.9482984787709829
593;0.642540213240512;0.9484960817130992
594;0.642907498015507;0.9487408594307989
595;0.6432733776706172;0.94895009941659
596;0.6432340007036936;0.949308719888017
597;0.6432046755926351;0.9495042518048991
598;0.6435235043253829;0.9495503836336249
599;0.6439604780308004;0.9497108200914828
600;0.6438663499870724;0.9494904612464193
601;0.6446079748735183;0.9495194557799641
602;0.6445350078006271;0.9493030414546956
603;0.6445867445464293;0.9489095200251805
604;0.6445032530140942;0.9485080457610081
605;0.6452058341338129;0.9478885050758981
606;0.6444692019367095;0.9474715281439458
607;0.6445789575112593;0.9466473354119072
608;0.6445564587553055;0.946246293535721
609;0.6445587024958559;0.9458281128654248
610;0.6445589418751807;0.9456906943583885
611;0.6445587930801642;0.9454804313247781
612;0.6445588279953467;0.9455155326701329
613;0.6445588234774878;0.9457079673239567
614;0.6445588199389121;0.9463385534540227
615;0.6445588488767882;0.946925423534371
616;0.6445587213431738;0.947304934533884
617;0.6445589544729025;0.9476856231718055
618;0.6445606578264866;0.9480898630541273
619;0.6445422071372839;0.9480996412245508
620;0.6446353860388611;0.9476835268927459
621;0.6439446072963093;0.9474462919451696
622;0.6438448737664011;0.9470732388959563
623;0.6432100194150165;0.9462795697716125
624;0.6428490141359471;0.9456421629494126
625;0.6425529424240226;0.9448224377441805
626;0.6425820168178822;0.9440489218150803
627;0.6423436891085019;0.9430181365149047
628;0.6422749440618789;0.9422098693177913
629;0.6420802096729765;0.9414109516261027
630;0.6419125742313052;0.940639140275847
631;0.6419393926947707;0.9398323823143272
632;0.6416036982274422;0.9392178235321104
633;0.6411907784822977;0.9383973712160818
634;0.6412704310447117;0.9376173125905436
635;0.6405361718086645;0.9370361750402615
636;0.6405897201833437;0.9361983052443302
637;0.6406609631562938;0.9357887029495456
638;0.639967388211018;0.9352145501494004
639;0.6398666542530667;0.9347997390988675
640;0.6392396361641824;0.9343833033098292
641;0.6388743227848632;0.9341831847864897
642;0.6385653539929322;0.9341980523147733
643;0.6385621136423687;0.9341980319540496
644;0.637917269218502;0.9341980319819274
645;0.6375920545412124;0.9341980319827232
646;0.6372357520631842;0.9341980313876321
647;0.6372722438541527;0.934198455942742
648;0.6363966438746448;0.9339991631198423
649;0.6359710656447799;0.9336004056256841
650;0.6354640151913306;0.9329773162551986
651;0.6352858805494915;0.9321777029409869
652;0.6351715300369187;0.9313193349986716
653;0.6346286416322899;0.9299044477561035
654;0.6341617049246486;0.928337387239725
655;0.6339897346772123;0.9269087868849578
656;0.6332528012445285;0.925316980538651
657;0.6333878833467208;0.923668830979062
658;0.6328612350099648;0.9222748107650509
659;0.6326781342061967;0.9204411009104948
660;0.6319631818857513;0.9190448956705572
661;0.6317940936395579;0.9176649434656785
662;0.6313337784518095;0.9166513762199784
663;0.6307630390409644;0.9152460532333108
664;0.6306490100023602;0.9140067615529617
665;0.6299665401960124;0.9128226141149217
666;0.6296858340573039;0.9114135129419717
667;0.6292861361816624;0.9097903005438596
668;0.629344962547306;0.9079815731073038
669;0.6285005421233072;0.9063406373680569
670;0.627946650547594;0.9039273170226118
671;0.6280934031223238;0.901325489083986
672;0.6273875959541442;0.8984956606846082
673;0.6273598283672273;0.8958446453700112
674;0.6274082674878526;0.8924229317654673
675;0.6268997893210091;0.8896291158609931
676;0.6267201757136798;0.886787312774536
677;0.6260046976912805;0.8833946956744467
678;0.625831964051518;0.8803488216630329
679;0.6253547189850894;0.8779435916276684
680;0.6248717320661658;0.8763679495060275
681;0.6240350219837874;0.8747465102858021
682;0.6239292821648246;0.8735610491646052
683;0.6229713647131783;0.8731649737112078
684;0.6226789893222269;0.8737781281123898
685;0.6227232305813819;0.8745814558098581
686;0.6219978277515108;0.8749774909709618
687;0.6220773480548343;0.8751705390285296
688;0.6220543920650863;0.8743452156162123
689;0.6220607473929066;0.8723345186772342
690;0.6220845403555921;0.8701042435856624
691;0.6217820057139765;0.8668653748729962
692;0.6214175719884645;0.8630354097430142
693;0.6207978679810076;0.858396898963875
694;0.6207479643468998;0.8539548806601712
695;0.6207161394068753;0.849525885881125
696;0.620807992652205;0.8445122962170588
697;0.6201636410640593;0.8406842359080584
698;0.6200772757914431;0.8364509795616145
699;0.6201221999930144;0.8322271619226522
700;0.6196518317572023;0.8288076446649688
701;0.6198971071637931;0.8257899257187236
702;0.6200689079925454;0.8245908751652378
703;0.6193539590016581;0.825210627417852
704;0.6194282988869163;0.8264231811912884
705;0.6194091208952299;0.827622744804654
706;0.6194118649366867;0.8290378735578757
707;0.6194118376862607;0.8302475398903872
708;0.6194117115443663;0.8310530395011955
709;0.6194118997315624;0.8316518060034234
710;0.6194115175239323;0.8310395121543868
711;0.6194100616892124;0.8296309208002789
712;0.6194306360184505;0.8284198031649727
713;0.6193163726048427;0.8260010740204967
714;0.6200532464053335;0.8233808931885221
715;0.6194118867451993;0.8203595582960094
716;0.6201788256795553;0.8173389103816935
717;0.619981630028261;0.8137134112862738
718;0.6206200220313726;0.8098857404348644
719;0.620732938149303;0.805860366889803
720;0.62073983999359;0.8012259833458859
721;0.6207341381441455;0.7963928535745641
722;0.6207351205953725;0.7917610948174756
723;0.6207355591359285;0.7871295379020384
724;0.620743412785005;0.7820943484718683
725;0.6206699915502433;0.7762551193186686
726;0.621219686622616;0.7706152892505751
727;0.6213764803823092;0.7649768868634756
728;0.6221077464585849;0.7597390870983277
729;0.6220539512850749;0.75450449943987
730;0.6219866058052763;0.7486636170412297
731;0.622658280544309;0.7430251631986036
732;0.6227553536037944;0.7375847827932331
733;0.6234700627668615;0.7325500724686433
734;0.6232960355002632;0.7277119115585456
735;0.6239334190214543;0.723285878742264
736;0.6240360657329592;0.7190517063805293
737;0.6242046789912442;0.7148205660096225
738;0.6247881828574906;0.7115959154851677
739;0.624632423455226;0.708971713298379
740;0.6253592220370863;0.7073559579120154
741;0.625330007343617;0.7069322690796591
742;0.6256012999526406;0.7087423964864941
743;0.6265626759989884;0.710358318010125
744;0.6266779449034954;0.7119627287377692
745;0.6274894187738824;0.7139725390824506
746;0.6280768271540793;0.7167791152949505
747;0.62795269481231;0.7194016672569263
748;0.6285683460837161;0.7216350951639219
749;0.6293633074401395;0.723057254516078
750;0.629350358580316;0.720878246135894
751;0.6292008243624603;0.7174561702792328
752;0.6304594074967476;0.7130232336946165
753;0.6306470227129957;0.709014178289022
754;0.6307934661855521;0.7051725925434666
755;0.6317703687192113;0.7009793693722621
756;0.6318866100370171;0.6957194453608067
757;0.633304479590802;0.6912896195598935
758;0.6332107855118752;0.6864491044407481
759;0.6339201799030271;0.6816211070681943
760;0.6347548005184143;0.6779840795314647
761;0.6345799123189055;0.6749448438751424
762;0.6360125148454567;0.6727306028618902
763;0.6364352022310215;0.6711042842023309
764;0.637424316941333;0.6704874347634024
765;0.6371938003519053;0.6702685700004385
766;0.6386914277636465;0.6704690608835521
767;0.6384565885773095;0.6708808368781294
768;0.6394545850377236;0.6704865179315167
769;0.6398702429394576;0.6699169626534174
770;0.6413062158226097;0.6677132849206597
771;0.6411260475882401;0.66567724933868
772;0.6419691869905514;0.6634596740725365
773;0.6426711909237564;0.6610572755917581
774;0.6425827754378199;0.6580455004005075
775;0.6439539919469454;0.6548311552563719
776;0.6444846649774151;0.6514154474850848
777;0.6453455585326306;0.6479965292792473
778;0.6451793548123531;0.6445624456705179
779;0.6466015327869281;0.6409264085857493
780;0.6470446555848672;0.6377409756652404
781;0.6480117318978393;0.6342925946429578
782;0.647784113291682;0.6308497146060945
783;0.649240652379397;0.6272319420346595
784;0.6496265003358309;0.6240519344162996
785;0.6505775355796216;0.6209877726879651
786;0.6510436849190611;0.6177907708153134
787;0.651887838115927;0.6147482793399861
788;0.6527104882180583;0.61171356710028
789;0.6535263975726864;0.6093040614079173
790;0.6543444084894425;0.6072546587321501
791;0.6551625152468099;0.6052821612231198
792;0.6559932839296883;0.6032471072544336
793;0.6567153517387971;0.6020329182750188
794;0.6581878676996756;0.600801386980506
795;0.658453852683335;0.5998035856718824
796;0.6593100308607955;0.5980040087127989
797;0.6597086984948499;0.5965832459031795
798;0.6606929886967892;0.5942323912534471
799;0.6611435986352516;0.5909802075772643
800;0.6612744016699981;0.5872023806117663
801;0.6624593485472163;0.5829532827527197
802;0.6632369792297654;0.5785529344858695
803;0.6638172854614114;0.5735364224784836
804;0.663851645313892;0.5682774096673455
805;0.6651188544812403;0.5636536170101483
806;0.6657952917096275;0.5584375623399433
807;0.6664889102087974;0.5535770344096185
808;0.6664358392532623;0.5495469861079179
809;0.6677670302314527;0.5458786597742609
810;0.6684025539025389;0.5428594460284648
811;0.6689823424520221;0.5400245737577698
812;0.670355259184771;0.5400890330783246
813;0.6705821342225449;0.5416842022099613
814;0.6717914144983657;0.5433095459467516
815;0.6720878374438102;0.54551055155289
816;0.6729697632814129;0.5479109962117794
817;0.6737861550672433;0.5502895077741925
818;0.6745979944501326;0.5519748499671704
819;0.6754391757575895;0.5527075977531217
820;0.676196999844882;0.5501144295044016
821;0.6777603268875947;0.5467382327218725
822;0.6784527192776677;0.5425315930876632
823;0.679834677974561;0.538258581487344
824;0.6802610688868429;0.5338711896061863
825;0.6817106981980277;0.5282877654774858
826;0.6829645274042321;0.5230535657295381
827;0.6835627860609078;0.5175867892539125
828;0.6848120682794112;0.5119442578985876
829;0.6855859381067124;0.5065373220716073
830;0.6864143898028152;0.5008861908448986
831;0.6871362152448985;0.49559912516293425
832;0.6886171365806102;0.4909482664464998
833;0.6888664554155803;0.48633874655792697
834;0.690347955015886;0.4826628946248528
835;0.690055439442068;0.4792731583985107
836;0.6911601023126074;0.47600144458424176
837;0.6914933372929335;0.4727700393046298
838;0.6929425259848006;0.4700982257248808
839;0.6930076105577747;0.4682994736578244
840;0.6939434368103783;0.46664712597346225
841;0.6947383282354972;0.4650194912572364
842;0.6955584507547417;0.4643611106510289
843;0.6963767611352868;0.46492625875630067
844;0.6971947602363477;0.46611100007681794
845;0.6980123319406399;0.46755268838660324
846;0.6988306251874852;0.469157227092317
847;0.6996599962159413;0.47092542583486485
848;0.7003887972177691;0.4727481942597551
849;0.7018318645185564;0.47496015845500117
850;0.702145291266816;0.4773479185746681
851;0.7022152427243944;0.4799292851295254
852;0.7031482368026307;0.4829945358352128
853;0.7034404793834452;0.48556379158134333
854;0.704030199271154;0.4877014428032592
855;0.7048034036821996;0.4898176515589191
856;0.7048857670554962;0.4921364563029196
857;0.7063587596592389;0.49445139378452396
858;0.7067263491910863;0.4950887356745943
859;0.7082181408103914;0.49183543459475554
860;0.7096781566683341;0.4872401673532226
861;0.7103598454996155;0.4807052333237588
862;0.7118014619926903;0.4732628588879193
863;0.7127326444415579;0.46575358689322843
864;0.7136606159194699;0.4580010107653879
865;0.7155132157981294;0.4483400610677618
866;0.7159696172653893;0.4409276439275598
867;0.7173149030901134;0.4322672965671496
868;0.7181226677682873;0.42427319739893565
869;0.7190358695479616;0.4176245911744819
870;0.7193218649403128;0.41135309757333527
871;0.7199263886716938;0.40595854019286504
872;0.7207010167472442;0.40329657529611773
873;0.7205970468537839;0.40427785016060125
874;0.7210720550095256;0.40602731784132673
875;0.7213860861282853;0.4077217392049477
876;0.7206241746457782;0.40884785927211975
877;0.7207734247832576;0.410909345573201
878;0.7198948987640974;0.4128712531320623
879;0.7192732248214067;0.41296647230966843
880;0.7193234990327608;0.41019469909171025
881;0.7184411290208963;0.40660207458586084
882;0.7180330478830197;0.4019856059711241
883;0.7175055868293634;0.39611739781985766
884;0.7173505194479598;0.38897551513587714
885;0.7173187676301889;0.38297750238128014
886;0.7176412615587067;0.3768087584954817
887;0.7180982785685482;0.3708844095399836
888;0.7179557095150313;0.3646860906324102
889;0.7193947653980539;0.3583292699829683
890;0.7197994712975148;0.35310753269982853
891;0.7208106609377597;0.3486311856919505
892;0.7205682512987567;0.3452462183171673
893;0.7220614600279925;0.34248061036800814
894;0.7219126615284546;0.3403832204544094
895;0.722313225802871;0.33929338781270924
896;0.7232458252611769;0.33847275579710767
897;0.7233227855341163;0.3378713016164717
898;0.7242108030647548;0.33731658264888054
899;0.7246916827064149;0.3368479648142667
900;0.724580736101506;0.336293761877266
901;0.7252924381061454;0.3360519422977707
902;0.7259782304227854;0.33584419946007793
903;0.7261811060936052;0.33584386062491656
904;0.7271696982599805;0.3358650780491954
905;0.7272611733878829;0.3354217314124379
906;0.727973362572101;0.33507973673961255
907;0.7281815943112788;0.3338955785770936
908;0.7286752334097831;0.3327748228115611
909;0.7285609371183288;0.33139376226754824
910;0.7293097477723351;0.32895784331582834
911;0.7291910600885387;0.32640194336689543
912;0.7296929723663217;0.3235669023075636
913;0.7298975127824889;0.3206103572352512
914;0.7306151846211337;0.31698197402298967
915;0.7305684434408322;0.31340677316092835
916;0.7305930767175427;0.31005760108225866
917;0.7305875931443981;0.30643579043720237
918;0.7305882298333877;0.30280519128273076
919;0.7305880759406428;0.29942872592955183
920;0.7305895050299394;0.2959899690321429
921;0.7305833287309473;0.29277033357587656
922;0.730592816426606;0.2900710103299179
923;0.7306944555256998;0.2871256439555022
924;0.7313060310200513;0.28469810204718404
925;0.7313008087853803;0.2824074015623572
926;0.7306497869208892;0.2807031308123219
927;0.730695118333264;0.27958761933850107
928;0.7310158723342821;0.2784854767885844
929;0.7310065383963104;0.27912535852116593
930;0.7306965034263861;0.2805393807571376
931;0.7305998228388041;0.2832935138845941
932;0.7305683447784314;0.2870708211561228
933;0.7306646758107566;0.2908354075618734
934;0.7300259683703914;0.2948164860788015
935;0.7299177230142563;0.2982985791110483
936;0.7291936118476944;0.302169006756163
937;0.7292889302742271;0.3067792720606777
938;0.729242906267978;0.31124397490516575
939;0.7292771625421874;0.31519397261650084
940;0.7285728849733983;0.3193019280074071
941;0.7283398664970672;0.3222715229849049
942;0.7278717582765609;0.3250696280800506
943;0.727977051377917;0.32742981873833843
944;0.7272544201985407;0.32911502146594873
945;0.7270389320099601;0.330929484347232
946;0.7266355110471806;0.33223284595333646
947;0.7260239513113601;0.33260331512237074
948;0.7259312028544358;0.3318981771394238
949;0.7250188235119643;0.330543627314854
950;0.7245760553160316;0.32863796608501283
951;0.7246781273255377;0.32661267028108953
952;0.7239357576257806;0.32401802686327164
953;0.7232879586017741;0.32079279541325323
954;0.7230515318570221;0.3170304365544214
955;0.7220792041464794;0.3131470576020955
956;0.7219882743003551;0.30928883682637753
957;0.7211203101943249;0.3043970970873092
958;0.7207349754297822;0.2990316997687209
959;0.7197230140374142;0.2934955907945248
960;0.7193053509337167;0.2867024928804296
961;0.7191441664431939;0.2797223433687285
962;0.7179862132471375;0.2725719405146457
963;0.717177408193967;0.26600605681821443
964;0.7166314416992987;0.2582448530838596
965;0.7165680735117165;0.2507871143588143
966;0.7153354786706156;0.24320648141939805
967;0.7145671451784986;0.23556153870934693
968;0.7141063144334503;0.22851738703654878
969;0.7126887402170401;0.2214618221845972
970;0.7124229434046081;0.2153364385968547
971;0.7112193372590947;0.2098229278698357
972;0.7115509644499902;0.20478981078178693
973;0.7100738871441145;0.20017387673896836
974;0.7098337218808378;0.1959254181064477
975;0.7086540286611527;0.19188190950800899
976;0.7083386053702432;0.18895445942436384
977;0.7074610409506634;0.18564684195627779
978;0.7066435117199423;0.18270593846766225
979;0.7058336357724976;0.1801150306714835
980;0.7049839805794498;0.17759687370018706
981;0.70424257676209;0.17508399314482204
982;0.7027487224902641;0.1731524965483705
983;0.7024274182600196;0.1713258669374349
984;0.7009744272179799;0.16880243057075317
985;0.7003330827863344;0.16711489047033334
986;0.6987906050043333;0.165281278085738
987;0.6985862400851159;0.1639452791108177
988;0.696600956427901;0.16256885340814098
989;0.6962591513257357;0.16150059165855246
990;0.6948433315718738;0.16044530924525846
991;0.6946900744360452;0.15975846741381627